{
  "story_id": 133,
  "timestamp": "2026-04-01T00:31:55.353135",
  "mode": "personalized",
  "num_scenes": 3,
  "overall_score": 0.764,
  "metrics": {
    "image_text_alignment": {
      "scores": [
        1.0,
        1.0,
        1.0
      ],
      "average": 1.0
    },
    "visual_consistency": {
      "average": 0.6732281843821207,
      "pairwise": [
        0.6675944328308105,
        0.715454638004303,
        0.6366354823112488
      ]
    },
    "character_consistency": {
      "average": 0.20186251401901245,
      "face_distances": [
        0.8245271444320679,
        0.7717478275299072
      ]
    },
    "text_coherence": {
      "average": 0.6535003185272217,
      "consecutive": [
        0.6417891383171082,
        0.6652114987373352
      ]
    },
    "readability": {
      "flesch_kincaid_grade": 7.96,
      "flesch_reading_ease": 60.94,
      "avg_sentence_length": 12.9,
      "syllable_count": 405,
      "word_count": 258,
      "suitable_for_target_age": false,
      "interpretation": "Too complex for target age (7-10)"
    },
    "story_structure": {
      "has_beginning": true,
      "has_climax": true,
      "has_ending": true,
      "follows_structure": true
    }
  },
  "evaluation_time_seconds": 12.25
}