{
  "story_id": 140,
  "timestamp": "2026-04-01T20:37:32.432894",
  "mode": "personalized",
  "num_scenes": 3,
  "overall_score": 0.796,
  "metrics": {
    "image_text_alignment": {
      "scores": [
        1.0,
        1.0,
        1.0
      ],
      "average": 1.0
    },
    "visual_consistency": {
      "average": 0.7911609212557474,
      "pairwise": [
        0.784683883190155,
        0.7555644512176514,
        0.833234429359436
      ]
    },
    "character_consistency": {
      "average": 0.658342719078064,
      "face_distances": [
        0.39462757110595703,
        0.28868699073791504
      ]
    },
    "text_coherence": {
      "average": 0.7093675136566162,
      "consecutive": [
        0.686442494392395,
        0.7322925329208374
      ]
    },
    "readability": {
      "flesch_kincaid_grade": 7.27,
      "flesch_reading_ease": 66.2,
      "avg_sentence_length": 13.1,
      "syllable_count": 393,
      "word_count": 261,
      "suitable_for_target_age": false,
      "interpretation": "Too complex for target age (7-10)"
    },
    "story_structure": {
      "has_beginning": true,
      "has_climax": true,
      "has_ending": true,
      "follows_structure": true
    }
  },
  "evaluation_time_seconds": 13.09
}