{
  "story_id": 136,
  "timestamp": "2026-04-01T01:33:39.506969",
  "mode": "personalized",
  "num_scenes": 3,
  "overall_score": 0.763,
  "metrics": {
    "image_text_alignment": {
      "scores": [
        1.0,
        1.0,
        1.0
      ],
      "average": 1.0
    },
    "visual_consistency": {
      "average": 0.629698912302653,
      "pairwise": [
        0.593913197517395,
        0.6214157342910767,
        0.6737678050994873
      ]
    },
    "character_consistency": {
      "average": 0.023156553506851196,
      "face_distances": [
        0.9657177329063416,
        0.987969160079956
      ]
    },
    "text_coherence": {
      "average": 0.6729016900062561,
      "consecutive": [
        0.6421471834182739,
        0.7036561965942383
      ]
    },
    "readability": {
      "flesch_kincaid_grade": 7.63,
      "flesch_reading_ease": 62.94,
      "avg_sentence_length": 12.7,
      "syllable_count": 412,
      "word_count": 266,
      "suitable_for_target_age": false,
      "interpretation": "Too complex for target age (7-10)"
    },
    "story_structure": {
      "has_beginning": true,
      "has_climax": true,
      "has_ending": true,
      "follows_structure": true
    }
  },
  "evaluation_time_seconds": 12.63
}