{
  "story_id": 132,
  "timestamp": "2026-04-01T00:21:17.339741",
  "mode": "personalized",
  "num_scenes": 3,
  "overall_score": 0.767,
  "metrics": {
    "image_text_alignment": {
      "scores": [
        1.0,
        1.0,
        1.0
      ],
      "average": 1.0
    },
    "visual_consistency": {
      "average": 0.640437126159668,
      "pairwise": [
        0.6882519721984863,
        0.6473574638366699,
        0.5857019424438477
      ]
    },
    "character_consistency": {
      "average": 0.09124788641929626,
      "face_distances": [
        0.8830478191375732,
        0.9344564080238342
      ]
    },
    "text_coherence": {
      "average": 0.6832328140735626,
      "consecutive": [
        0.6363111138343811,
        0.7301545143127441
      ]
    },
    "readability": {
      "flesch_kincaid_grade": 7.56,
      "flesch_reading_ease": 69.06,
      "avg_sentence_length": 15.8,
      "syllable_count": 410,
      "word_count": 285,
      "suitable_for_target_age": false,
      "interpretation": "Too complex for target age (7-10)"
    },
    "story_structure": {
      "has_beginning": true,
      "has_climax": true,
      "has_ending": true,
      "follows_structure": true
    }
  },
  "evaluation_time_seconds": 13.36
}