{
  "story_id": 126,
  "timestamp": "2026-03-31T21:56:17.749492",
  "mode": "personalized",
  "num_scenes": 3,
  "overall_score": 0.774,
  "metrics": {
    "image_text_alignment": {
      "scores": [
        1.0,
        1.0,
        1.0
      ],
      "average": 1.0
    },
    "visual_consistency": {
      "average": 0.5923896233240763,
      "pairwise": [
        0.620324969291687,
        0.4683915376663208,
        0.6884523630142212
      ]
    },
    "character_consistency": {
      "average": 0.10844194889068604,
      "face_distances": [
        1.0382384061813354,
        0.7448776960372925
      ]
    },
    "text_coherence": {
      "average": 0.7409884333610535,
      "consecutive": [
        0.7621220350265503,
        0.7198548316955566
      ]
    },
    "readability": {
      "flesch_kincaid_grade": 6.26,
      "flesch_reading_ease": 71.41,
      "avg_sentence_length": 11.9,
      "syllable_count": 347,
      "word_count": 238,
      "suitable_for_target_age": false,
      "interpretation": "Too complex for target age (7-10)"
    },
    "story_structure": {
      "has_beginning": true,
      "has_climax": true,
      "has_ending": true,
      "follows_structure": true
    }
  },
  "evaluation_time_seconds": 13.78
}